instituto,media_ntp,media_certificado,media_lighthouse,media_cabecera,media_general
IES COMPLUTENSE,8.91,4.84,6.93,3.6,5.98
IES ALONSO DE AVELLANEDA,8.95,4.84,6.85,0.0,4.72
IES ANTONIO MACHADO,9.39,4.92,6.81,0.05,4.86
IES FRANCISCO GINER DE LOS RIOS,8.97,4.84,6.99,0.0,4.74
IES DOMENICO SCARLATTI,9.11,4.84,7.05,3.6,6.05
IES JORGE MANRIQUE,8.95,4.79,7.57,0.0,4.81
IES EL CARRASCAL,8.84,4.84,6.68,3.39,5.85
IES JUAN CARLOS I,9.19,4.84,6.85,3.6,6.04
IES MARQUES DE SANTILLANA,8.96,4.84,7.43,0.0,4.81
IES JAIME FERRAN,9.83,4.84,7.7,3.6,6.32
IES MIGUEL CATALÁN,9.66,4.84,7.37,2.54,5.86
IES MATEMATICO PUIG ADAM,8.81,4.84,7.64,0.0,4.8
IES ALARNES,9.39,4.84,6.83,3.6,6.08
IES JOSE DE CHURRIGUERA,8.96,4.84,6.99,0.0,4.74
IES LUIS VIVES,9.86,4.84,7.69,3.6,6.33
IES MARIA ZAMBRANO,9.28,4.84,6.64,3.6,6.03
IES CERVANTES,9.59,4.84,5.51,3.6,5.94
IES EL ESPINILLO,8.96,4.84,7.63,0.0,4.83
IES VALDEBERNARDO,9.27,4.84,5.91,3.6,5.92
IES SANTA TERESA DE JESUS,8.68,4.84,5.52,3.6,5.71
IES SANTAMARCA,9.0,4.84,6.66,0.11,4.74
IES SANTA ENGRACIA,9.83,4.84,7.7,3.6,6.32
IES ORTEGA Y GASSET,9.22,4.84,5.93,3.6,5.91
IES INSTITUTO POLITECNICO N.1 DEL EJERCITO,9.86,5.0,7.78,3.6,6.39
IES EMILIO CASTELAR,9.56,4.84,6.63,3.6,6.1
IES ARCIPRESTE DE HITA,9.41,4.84,7.64,4.47,6.52
IES SAN CRISTOBAL DE LOS ANGELES,8.94,4.84,7.24,0.0,4.77
IES CARLOS MARIA RODRIGUEZ DE VALCARCEL,8.6,4.84,7.19,0.0,4.68
IES JOAQUÍN TURINA,8.96,4.84,7.6,0.0,4.83
IES EL LAGO,9.15,4.84,6.23,3.6,5.93
IES SAN FERNANDO,9.83,0.0,0.0,4.5,4.03
IES TIRSO DE MOLINA,8.31,4.84,7.17,0.64,4.83
IES LOPE DE VEGA,9.02,4.84,5.04,3.6,5.72
IES BARAJAS,8.92,4.84,7.74,0.0,4.84
IES GREGORIO MARAÑON,9.07,4.84,6.4,3.6,5.94
IES BARRIO SIMANCAS,8.98,4.84,7.53,0.0,4.83
IES VIRGEN DE LA PALOMA,9.84,4.84,7.58,3.6,6.31
IES CONDE DE ORGAZ,8.98,4.84,7.81,0.0,4.87
IES CARLOS III,8.88,4.84,7.79,0.0,4.84
IES SAN BLAS,9.39,4.84,6.75,3.6,6.07
IES GÓMEZ MORENO,8.92,4.84,7.36,0.0,4.78
IES REY PASTOR,9.21,4.84,6.55,3.6,6.0
IES VALLECAS I,8.99,4.84,8.51,0.0,4.97
IES ENRIQUE TIERNO GALVAN,8.89,4.84,7.07,0.0,4.74
IES PIO BAROJA,9.22,4.84,6.99,3.6,6.06
IES PARQUE ALUCHE,8.95,4.84,7.13,0.0,4.76
IES EIJO Y GARAY,9.23,4.84,6.52,3.6,6.0
IES NUESTRA SEÑORA DE LA ALMUDENA,9.84,4.84,7.7,3.6,6.33
IES TETUAN DE LAS VICTORIAS,9.84,4.78,7.69,3.6,6.31
IES CARDENAL HERRERA ORIA,8.85,4.84,7.34,0.0,4.77
IES BEATRIZ GALINDO,9.32,4.84,6.31,3.55,5.97
IES ISABEL LA CATOLICA,9.21,4.84,5.11,3.57,5.77
IES JUAN DE LA CIERVA,8.88,5.0,7.67,0.0,4.87
IES CARDENAL CISNEROS,8.87,4.84,7.57,0.03,4.81
IES SAN ISIDRO,8.85,4.84,7.69,0.0,4.82
IES EMPERATRIZ MARIA DE AUSTRIA,8.85,4.84,7.71,0.0,4.82
IES CALDERON DE LA BARCA,9.35,4.84,7.65,1.8,5.57
IES VISTA ALEGRE,9.22,4.84,6.64,3.6,6.01
IES PACIFICO,9.12,4.84,6.78,3.6,6.01
IES PALOMERAS VALLECAS,8.8,4.84,7.29,0.0,4.75
IES GRAN CAPITÁN,9.61,4.78,6.28,3.6,6.04
IES CARMEN MARTIN GAITE,8.87,4.84,7.49,0.0,4.79
IES ESCUELA TECNICO PROFESIONAL DE LA SALUD DE LA COMUNIDAD DE MADRID,9.85,5.0,7.77,3.6,6.39
IES CIUDAD ESCOLAR,9.4,4.84,6.38,3.6,6.02
IES FELIPE TRIGO,9.14,4.84,6.51,3.55,5.96
IES JUAN GRIS,9.41,4.89,7.97,1.88,5.67
IES GERARDO DIEGO,9.86,4.84,7.71,3.6,6.33
IES VEGA DEL JARAMA,9.85,4.84,7.7,3.6,6.33
IES JOAN MIRO,8.85,4.84,7.68,0.0,4.82
IES ISAAC PERAL,9.59,4.84,6.84,3.6,6.13
IES LAS VEREDILLAS,9.86,4.84,7.69,3.6,6.33
IES ALTO JARAMA,9.16,4.84,7.11,3.6,6.07
IES NUESTRA SEÑORA DE LA VICTORIA DE LEPANTO,8.9,4.84,7.2,0.0,4.76
IES FELIPE II,8.86,4.84,7.79,0.0,4.84
IES VICENTE ALEIXANDRE,9.33,4.84,6.59,3.6,6.03
IES LOS CASTILLOS,8.87,4.84,7.36,0.0,4.77
IES ARQUITECTO PEDRO GUMIEL,9.85,4.84,7.46,3.6,6.29
IES MARIA MOLINER,9.23,4.84,6.24,3.6,5.96
IES DIONISIO AGUADO,9.59,4.84,7.58,3.6,6.25
IES BUTARQUE,9.26,4.84,6.38,3.55,5.96
IES AVENIDA DE LOS TOREROS,8.75,4.84,7.24,0.0,4.72
IES MARIANO JOSE DE LARRA,9.06,4.84,6.85,3.55,5.99
IES LA ESTRELLA,9.27,4.78,6.51,3.6,5.99
IES SAN JUAN BAUTISTA,9.0,4.84,6.4,3.6,5.92
IES JAIME VERA,9.5,4.84,7.59,3.6,6.23
IES MANUEL DE FALLA,9.19,4.84,6.7,3.52,5.99
IES LAS ROZAS I,8.87,4.84,7.36,0.0,4.77
IES GONZALO TORRENTE BALLESTER,8.99,4.84,4.69,3.6,5.66
IES RAMIRO DE MAEZTU,9.3,4.84,6.55,3.6,6.02
IES JUAN DE HERRERA,9.83,4.84,6.69,3.6,6.17
IES SILVERIO LANZA,9.84,5.0,7.79,3.6,6.39
IES FORTUNY,9.3,4.84,6.6,3.6,6.03
IES CIUDAD DE LOS POETAS,9.63,4.84,6.91,3.6,6.16
IES RAMON Y CAJAL,9.06,4.84,6.51,3.6,5.95
IES MIGUEL DELIBES,8.94,4.84,7.18,1.16,5.17
IES CELESTINO MUTIS,8.86,4.84,7.48,0.0,4.79
IES DAMASO ALONSO,9.74,4.84,6.87,3.6,6.18
IES LEON FELIPE,8.96,4.84,6.86,1.85,5.37
IES PRADO DE SANTO DOMINGO,8.89,4.84,7.31,0.0,4.77
IES ARTURO SORIA,9.2,4.84,5.81,3.6,5.88
IES MATEO ALEMAN,9.56,4.84,7.68,3.6,6.25
IES GALILEO GALILEI,9.26,4.84,6.46,3.6,5.99
IES BLAS DE OTERO,8.91,4.84,6.64,0.0,4.68
IES SAN MATEO,6.37,4.84,5.56,2.65,4.81
IES MARIANA PINEDA,8.89,4.84,7.68,0.0,4.83
IES VALLECAS-MAGERIT,8.9,0.0,8.52,0.0,3.5
IES LAS MUSAS,9.86,4.84,7.7,3.6,6.33
IES LEONARDO DA VINCI,8.87,4.81,7.22,0.0,4.74
IES MORATALAZ,9.31,4.84,6.74,3.55,6.03
IES ESCUELA SUPERIOR DE HOSTELERIA Y TURISMO,9.84,4.78,7.71,3.6,6.31
IES ARQUITECTO PERIDIS,9.28,4.84,6.69,3.6,6.04
IES CIUDAD DE JAEN,8.91,4.84,6.46,0.0,4.65
IES ALAMEDA DE OSUNA,9.47,4.84,6.54,3.6,6.06
IES MANUELA MALASAÑA,8.89,4.84,7.51,0.0,4.8
IES GASPAR MELCHOR DE JOVELLANOS,8.89,4.84,7.76,0.0,4.84
IES SAN ISIDORO DE SEVILLA,9.03,4.84,6.54,3.55,5.93
IES JORGE GUILLEN,9.81,4.84,7.71,3.6,6.32
IES ALONSO QUIJANO,8.87,4.84,7.34,0.0,4.77
IES JOSE LUIS SAMPEDRO,8.97,4.84,6.52,3.6,5.93
IES MANUEL AZAÑA,9.83,5.0,7.77,3.6,6.38
IES JUAN DE VILLANUEVA,9.39,4.84,6.59,3.6,6.05
IES LA DEHESILLA,9.19,4.84,6.51,3.6,5.99
IES LA ARBOLEDA,8.89,4.84,7.68,0.0,4.83
IES LA POVEDA,8.85,4.84,7.2,0.0,4.74
IES ANGEL CORELLA,8.87,4.84,7.52,0.0,4.8
IES CIUDAD DE LOS ÁNGELES,8.91,4.84,6.4,0.0,4.64
IES ROSA CHACEL,9.35,4.84,7.72,1.8,5.58
IES ANTONIO DOMINGUEZ ORTIZ,8.87,4.84,7.23,0.0,4.75
IES JOAQUÍN RODRIGO,8.88,4.84,7.51,0.0,4.8
IES PRADOLONGO,9.17,4.84,6.47,3.6,5.98
IES REY FERNANDO VI,9.3,4.84,7.14,3.6,6.11
IES VICTORIA KENT,9.29,4.84,6.81,3.6,6.06
IES DIEGO VELAZQUEZ,9.32,4.84,0.0,4.5,5.36
IES VIRGEN DE LA PAZ,9.37,4.84,6.44,3.6,6.02
IES LUIS BUÑUEL,9.34,4.84,7.35,1.8,5.52
IES RAFAEL ALBERTI,9.29,4.84,6.43,3.6,6.0
IES CARPE DIEM,9.47,4.84,6.58,3.88,6.17
IES CLARA CAMPOAMOR,9.58,4.84,5.68,3.57,5.95
IES SALVADOR DALI,9.86,4.84,7.71,3.6,6.33
IES SIGLO XXI,8.88,4.84,7.49,0.0,4.79
IES MIRASIERRA,8.88,4.84,7.59,0.0,4.81
IES FRANCISCO TOMAS Y VALIENTE,9.84,4.84,7.7,3.6,6.33
IES ISLAS FILIPINAS,8.91,4.84,6.79,3.6,5.96
IES NARCIS MONTURIOL,9.43,4.84,6.88,3.6,6.1
IES JAIME FERRAN CLUA,9.43,4.84,6.61,3.6,6.06
IES MARIA DE MOLINA,9.07,4.84,6.58,3.6,5.97
IES ISAAC NEWTON,8.89,4.84,5.97,0.0,4.57
IES ISIDRA DE GUZMÁN,9.23,4.84,7.02,3.6,6.07
IES SEVERO OCHOA,9.48,4.84,6.41,3.55,6.02
IES PARQUE DE LISBOA,9.43,4.84,5.76,3.49,5.9
IES LA SERNA,9.4,4.84,6.92,3.6,6.1
IES LA FORTUNA,9.63,4.84,6.73,3.55,6.11
IES VELAZQUEZ,9.1,4.84,6.93,3.6,6.03
IES MANUEL ELKIN PATARROYO,9.03,4.84,6.69,3.6,5.97
IES CAMILO JOSE CELA,8.88,4.84,7.47,0.0,4.79
IES VILLA DE VALDEMORO,9.13,4.84,6.18,3.6,5.92
IES ALPAJES,9.42,4.84,6.56,3.6,6.05
IES MARIA DE ZAYAS Y SOTOMAYOR,8.79,4.84,7.34,0.0,4.75
IES ALKALA-NAHAR,9.29,4.84,6.79,3.55,6.04
IES IGNACIO ELLACURIA,9.11,4.84,6.66,1.8,5.36
IES JOSEFINA ALDECOA,9.43,4.84,6.9,3.6,6.1
IES GRANDE COVIAN,9.33,4.84,6.88,3.6,6.08
IES LA CAÑADA,9.82,5.0,5.38,3.6,6.02
IES JULIO CARO BAROJA,9.02,4.84,6.07,3.55,5.86
IES SALVADOR ALLENDE,8.78,4.84,7.24,0.0,4.73
IES LAGUNA DE JOATZEL,8.88,4.84,7.86,0.0,4.85
IES ISAAC ALBENIZ,9.3,4.84,6.26,3.55,5.96
IES MARQUES DE SUANZES,8.88,4.84,7.65,0.0,4.82
IES PEREZ GALDOS,9.14,4.84,6.39,3.55,5.94
IES JULIO VERNE,8.87,4.84,7.33,0.0,4.77
IES SALVADOR DALÍ,8.89,4.84,6.76,0.05,4.71
IES GABRIEL GARCIA MARQUEZ,9.29,4.84,6.59,3.6,6.02
IES VILLABLANCA,8.87,4.84,6.96,0.0,4.71
IES CARLOS BOUSOÑO,8.88,4.84,7.58,0.0,4.81
IES LOS ROSALES,8.96,4.84,6.64,4.42,6.24
IES BENJAMIN RUA,8.87,4.84,7.39,0.0,4.78
IES LUIS DE GONGORA,9.28,4.84,5.42,3.6,5.84
IES AL-SATT,8.87,4.84,7.48,0.0,4.79
IES ALDEBARAN,9.84,4.84,7.71,3.6,6.33
IES GUSTAVO ADOLFO BECQUER,8.9,4.84,7.93,0.0,4.86
IES JOSÉ HIERRO,8.79,4.84,7.11,0.05,4.73
IES DE GUADARRAMA,9.83,4.84,7.45,3.6,6.29
IES JUAN DE MAIRENA,9.43,4.84,6.89,4.04,6.26
IES SAN NICASIO,8.88,4.84,6.88,0.0,4.7
IES ITURRALDE,8.89,4.84,7.79,0.0,4.84
IES VILLA DE VALLECAS,8.87,4.84,7.57,0.0,4.8
IES ANA OZORES,9.83,5.0,7.74,3.6,6.38
IES SAN JUAN DE LA CRUZ,8.88,4.84,7.64,0.0,4.82
IES EL BURGO-IGNACIO ECHEVERRÍA,8.86,4.84,7.45,0.0,4.79
IES JULIO PALACIOS,8.89,4.84,7.58,0.0,4.81
IES AGORA,8.87,4.84,7.43,0.0,4.78
IES EL PINAR,8.6,4.84,7.92,0.0,4.79
IES PROFESOR MAXIMO TRUEBA,8.87,4.84,7.66,0.0,4.82
IES DE LA CABRERA,8.88,4.84,7.32,0.0,4.77
IES ANTONIO GAUDI,8.88,4.84,7.51,0.0,4.8
IES JOSÉ LUIS LÓPEZ ARANGUREN,9.42,4.84,6.67,3.6,6.07
IES ALTAIR,9.14,4.84,6.81,3.55,6.0
IES OCTAVIO PAZ,9.87,5.0,6.55,3.6,6.21
IES JUANA DE CASTILLA,8.07,4.84,7.15,4.34,6.06
IES EL CAÑAVERAL,8.88,4.84,7.81,0.0,4.84
IES PROFESOR ANGEL YSERN,8.89,4.84,8.01,0.0,4.88
IES LA LAGUNA,8.89,4.84,7.36,0.0,4.78
IES LAS LAGUNAS,8.77,4.84,7.83,0.0,4.82
IES PALAS ATENEA,9.11,4.84,6.49,3.6,5.96
IES CALATALIFA,8.86,4.84,7.3,0.0,4.76
IES LAS CANTERAS,9.31,4.84,6.36,3.55,5.98
IES SATAFI,8.86,4.84,6.96,0.0,4.71
IES MARIA GUERRERO,9.44,4.84,6.77,3.6,6.09
IES PABLO NERUDA,8.77,4.84,7.58,0.05,4.8
IES JOAQUIN ARAUJO,8.87,4.84,7.24,0.05,4.77
IES DOLORES IBARRURI,9.85,4.84,7.71,3.6,6.33
IES ANTONIO LOPEZ GARCÍA,8.87,4.84,7.89,0.0,4.85
IES MARGARITA SALAS,9.18,4.84,6.74,3.6,6.02
IES ANTONIO GALA,8.51,4.84,7.09,0.0,4.64
IES MIGUEL HERNÁNDEZ,9.24,4.84,6.93,3.6,6.06
IES PINTOR ANTONIO LOPEZ,9.86,4.84,7.71,3.6,6.33
IES ITACA,8.98,4.84,4.65,1.69,4.99
IES LUIS BRAILLE,8.9,4.84,6.25,3.6,5.87
IES AFRICA,9.85,4.84,7.71,3.6,6.33
IES INFANTA ELENA,8.87,4.84,7.63,0.05,4.83
IES ICARO,8.89,4.84,7.51,0.05,4.82
IES SANTA EUGENIA,8.91,4.84,7.6,0.05,4.84
IES CLARA DEL REY,8.97,4.84,7.56,0.64,5.05
IES EUROPA,9.21,4.84,6.79,3.6,6.03
IES VALLE INCLAN,9.05,4.84,6.05,3.6,5.88
IES FEDERICA MONTSENY,9.81,5.0,5.38,3.6,6.02
IES PABLO PICASSO,9.61,4.84,7.71,3.6,6.27
IES CARMEN CONDE,8.98,4.84,6.14,3.6,5.88
IES LUIS GARCIA BERLANGA,9.11,4.84,7.2,1.8,5.44
IES RAYUELA,9.86,4.84,7.71,3.6,6.33
IES EL OLIVO,8.91,4.84,8.25,0.0,4.92
IES ATENEA,9.12,4.85,6.19,1.83,5.3
IES DOCTOR MARAÑON,8.69,4.84,7.7,0.05,4.8
IES DUQUE DE RIVAS,8.87,4.84,7.29,0.05,4.78
IES ANSELMO LORENZO,8.79,4.84,7.86,0.05,4.85
IES FRANCISCO DE QUEVEDO,9.3,4.84,6.94,3.55,6.06
IES LOS OLIVOS,9.84,4.84,7.44,3.55,6.27
IES VILLAREJO DE SALVANÉS,9.13,4.84,6.49,3.49,5.93
IES LAZARO CARDENAS,8.86,4.84,7.69,0.05,4.84
IES FRANCISCO DE GOYA,8.89,4.84,7.57,0.05,4.83
IES PEDRO DE TOLOSA,9.86,4.84,7.71,3.55,6.31
IES SENDA GALIANA,9.35,4.84,6.99,3.55,6.08
IES UTOPIA,9.85,5.0,5.38,3.6,6.03
IES SEFARAD,9.84,5.0,5.38,3.6,6.03
IES HUMANES,8.89,4.84,7.58,0.0,4.81
IES AVALON,9.22,4.84,6.91,3.55,6.03
IES VALMAYOR,8.94,4.84,6.92,3.6,5.99
IES MADRID-SUR,9.26,4.84,5.35,3.55,5.81
IES ALPEDRETE,9.34,4.84,6.4,3.55,5.99
IES FRANCISCO AYALA,9.3,4.84,6.02,3.58,5.93
IES IGNACIO ALDECOA,8.87,4.84,6.58,3.6,5.92
IES MAESTRO JUAN MARIA LEONET,8.89,4.84,7.66,0.0,4.82
IES VEGA DEL TAJUÑA,8.87,4.84,7.72,0.0,4.83
IES LAS ENCINAS,8.84,4.84,7.17,0.0,4.74
IES GRIÑON,9.42,4.84,6.6,3.6,6.06
IES SAN AGUSTIN DE GUADALIX,8.34,4.84,7.14,0.0,4.61
IES CAÑADA REAL,8.79,4.84,7.62,0.0,4.79
IES EL ESCORIAL,9.84,4.84,7.71,3.6,6.33
IES GREGORIO PECES-BARBA,9.38,4.78,5.71,2.7,5.58
IES PRINCIPE FELIPE,9.83,5.0,8.56,1.85,5.89
IES PUERTA BONITA,9.85,4.84,7.71,3.6,6.33
IES HOTEL ESCUELA DE LA COMUNIDAD DE MADRID,8.86,4.84,7.71,0.0,4.82
IES FEDERICO GARCIA LORCA,9.86,4.84,7.71,3.6,6.33
IES CENTRO DE CAPACITACION AGRARIA,9.24,4.84,6.23,3.55,5.94
IES GABRIELA MISTRAL,8.89,4.84,7.1,0.0,4.74
IES ALFONSO MORENO,8.87,4.84,7.84,0.05,4.86
IES GABRIEL CISNEROS,8.88,4.84,6.57,3.6,5.92
IES SEVILLA LA NUEVA,9.86,4.84,7.7,3.6,6.33
IES SAPERE AUDE,8.87,4.84,7.64,0.0,4.82
IES MIGUEL DE CERVANTES,8.97,4.83,6.89,1.21,5.15
IES PROFESOR JULIO PEREZ,9.3,4.84,6.71,3.6,6.04
IES LAS AMERICAS,8.88,4.84,7.24,0.0,4.76
IES ANA MARIA MATUTE,9.08,4.84,7.1,4.39,6.33
IES GASPAR SANZ,8.86,4.84,7.3,0.0,4.76
IES ADOLFO SUAREZ,8.87,4.84,7.45,0.0,4.79
IES RENACIMIENTO,8.88,4.84,6.72,0.0,4.68
IES SIERRA DE GUADARRAMA,8.92,4.95,7.7,0.0,4.87
IES NUMANCIA,9.32,4.84,6.4,3.6,6.0
IES ESCUELA DE HOSTELERIA Y TURISMO,9.74,4.84,7.7,3.6,6.3
IES JOSE SARAMAGO,9.11,4.84,6.65,1.8,5.36
IES ARQUITECTO VENTURA RODRIGUEZ,8.45,4.84,7.29,0.11,4.69
IES BARRIO LORANCA,9.11,4.84,5.76,3.6,5.85
IES EL ALAMO,9.87,4.84,7.71,3.6,6.34
IES SABINO FERNANDEZ CAMPO,9.18,4.84,6.55,3.6,5.99
IES LAZARO CARRETER,9.26,4.84,5.46,3.49,5.81
IES DON PELAYO,8.45,4.84,6.95,0.95,4.94
IES SANTIAGO RUSIÑOL,9.35,4.84,6.37,3.6,6.01
IES MAESTRO MATIAS BRAVO,9.34,4.84,5.86,3.6,5.93
IES FRANCISCO UMBRAL,8.69,4.84,5.57,3.49,5.68
IES VILLAVERDE,8.88,4.84,7.25,0.0,4.76
IES ANTARES,8.85,4.84,7.81,0.0,4.84
IES GONZALO ANES,8.77,4.84,7.12,0.05,4.73
IES CAMPO REAL,9.24,4.84,6.62,3.6,6.01
IES FERNANDO FERNAN GOMEZ,9.3,4.84,6.46,3.55,5.99
IES JIMENA MENENDEZ PIDAL,9.15,4.84,6.98,3.6,6.05
IES NICOLAS COPERNICO,9.27,4.84,4.66,3.6,5.73
IES CORTES DE CADIZ,9.4,4.84,6.91,3.49,6.06
IES LA SENDA,8.85,4.84,7.9,0.0,4.85
IES PEDRO DUQUE,9.38,4.84,6.25,3.49,5.96
IES MANUEL FRAGA IRIBARNE,9.36,4.84,6.29,3.55,5.98
IES GONZALO CHACON,9.5,4.84,6.37,3.55,6.02
IES JOSE LUIS LOPEZ ARANGUREN,9.45,4.84,7.52,4.5,6.52
IES NEIL ARMSTRONG,8.89,4.84,7.8,0.0,4.84
IES PEDRO SALINAS,8.9,4.84,7.12,0.0,4.74
IES MENENDEZ PELAYO,9.28,4.84,6.41,4.34,6.25
IES RAFAEL FRÜHBECK DE BURGOS,9.86,4.84,7.71,3.6,6.33
IES SOR JUANA DE LA CRUZ,9.27,4.84,5.95,3.6,5.92
IES JOSE GARCIA NIETO,8.89,4.84,7.46,0.0,4.79
IES ALFREDO KRAUS,9.18,4.84,6.91,3.49,6.01
IES JUAN RAMON JIMÉNEZ,8.88,4.84,7.69,0.0,4.83
IES MARIE CURIE,8.99,4.84,4.74,3.55,5.65
IES MARIA RODRIGO,8.87,4.84,7.55,0.0,4.8
IES MONTSERRAT CABALLE,9.3,4.84,6.49,3.6,6.01
IES MALALA YOUSAFZAI,7.83,4.84,6.61,0.95,4.73
IES SIMONE VEIL,8.87,4.84,7.55,0.0,4.8
IES GLORIA FUERTES,8.9,4.84,7.51,0.0,4.8
IES ELISA SORIANO FISCHER,8.75,4.84,7.23,0.0,4.72
IES ANTONIO FRAGUAS FORGES,9.82,4.84,7.32,3.6,6.26
IES JANE GOODALL,9.48,4.84,6.85,2.33,5.66
IES ANA FRANK,8.91,4.84,8.61,0.0,4.97
IES ADA BYRON,9.84,4.84,7.7,3.6,6.33
IES FRANCISCA DE PEDRAZA,9.27,4.84,6.91,3.6,6.06
IES JUAN BAUTISTA MONEGRO,8.86,4.84,7.69,0.0,4.82
IES JOSE PEDRO PEREZ LLORCA,9.54,4.84,6.61,3.6,6.09
IES BLANCA FERNANDEZ OCHOA,8.88,4.84,7.84,0.0,4.85
IES TORCUATO FERNANDEZ MIRANDA,9.4,4.84,5.66,3.6,5.91
IES CENTRO INTEGRAL DE FORMACION PROFESIONAL A DISTANCIA IGNACIO ELLACURIA,8.86,4.84,6.88,0.0,4.7
IES ISIDRA DE GUZMAN,9.19,4.84,7.05,3.6,6.07
IES MARIA GOYRI GOYRI,8.69,4.84,7.55,0.0,4.76
IES  EL BOALO,9.27,4.84,6.8,3.6,6.05
IES HUMANEJOS,9.08,1.24,1.6,1.22,3.31
IES GARCIA MORATO,9.62,4.23,6.94,4.42,6.26
IES ANTONIO DE NEBRIJA,8.73,4.23,8.15,0.05,4.69
IES LA CAÑADA (CEPA COSLADA),9.47,4.81,7.17,4.5,6.46
IES ALBENIZ,9.83,4.81,0.0,2.7,4.85
IES SEFARAD (NO EXISTE),9.61,4.81,5.38,3.6,5.91
IES OCTAVIO PAZ (NO HAY AULA),9.69,4.81,5.55,4.42,6.24
